{"cameraMode":{"drawMode":0,"name":"Shaded","section":"Shading Mode"},"sceneLighting":false,"audioPlay":false,"sceneViewState":{"showFog":true,"showMaterialUpdate":false,"showSkybox":false,"showFlares":true,"showImageEffects":true,"showParticleSystems":true},"in2DMode":false,"pivot":{"x":1.1734664440155029e-7,"y":-0.0036993399262428285,"z":0.1874384880065918},"rotation":{"x":0.15597113966941834,"y":0.6978626251220703,"z":-0.15995098650455476,"w":0.6804983019828796},"size":1.2701095342636109,"orthographic":false}