{"cameraMode":{"drawMode":0,"name":"Shaded","section":"Shading Mode"},"sceneLighting":false,"audioPlay":false,"sceneViewState":{"showFog":true,"showMaterialUpdate":false,"showSkybox":false,"showFlares":true,"showImageEffects":true,"showParticleSystems":true},"in2DMode":false,"pivot":{"x":-0.000004887580871582031,"y":-0.002579927444458008,"z":0.045879121869802478},"rotation":{"x":0.03483618050813675,"y":0.9645693898200989,"z":-0.2013690024614334,"w":0.16686701774597169},"size":0.6205599308013916,"orthographic":false}