{"cameraMode":{"drawMode":0,"name":"Shaded","section":"Shading Mode"},"sceneLighting":false,"audioPlay":false,"sceneViewState":{"showFog":true,"showMaterialUpdate":false,"showSkybox":false,"showFlares":true,"showImageEffects":true,"showParticleSystems":true},"in2DMode":false,"pivot":{"x":0.3143033981323242,"y":-0.3748600482940674,"z":-0.8117138147354126},"rotation":{"x":0.09328905493021012,"y":0.8847446441650391,"z":-0.20138831436634065,"w":0.40983983874320986},"size":4.7468719482421879,"orthographic":false}