{"cameraMode":{"drawMode":0,"name":"Shaded","section":"Shading Mode"},"sceneLighting":false,"audioPlay":false,"sceneViewState":{"showFog":true,"showMaterialUpdate":false,"showSkybox":false,"showFlares":true,"showImageEffects":true,"showParticleSystems":true},"in2DMode":false,"pivot":{"x":0.002093493938446045,"y":-0.020885825157165529,"z":0.03381899744272232},"rotation":{"x":0.037728600203990939,"y":0.9612595438957214,"z":-0.21425969898700715,"w":0.16926605999469758},"size":0.42262235283851626,"orthographic":false}