{"cameraMode":{"drawMode":0,"name":"Shaded","section":"Shading Mode"},"sceneLighting":false,"audioPlay":false,"sceneViewState":{"showFog":true,"showMaterialUpdate":false,"showSkybox":false,"showFlares":true,"showImageEffects":true,"showParticleSystems":true},"in2DMode":false,"pivot":{"x":-0.07976225018501282,"y":0.21220050752162934,"z":0.11911126971244812},"rotation":{"x":0.09000827372074127,"y":-0.809719443321228,"z":0.12883569300174714,"w":0.5654470324516296},"size":0.2337581217288971,"orthographic":false}