{"cameraMode":{"drawMode":0,"name":"Shaded","section":"Shading Mode"},"sceneLighting":false,"audioPlay":false,"sceneViewState":{"showFog":true,"showMaterialUpdate":false,"showSkybox":false,"showFlares":true,"showImageEffects":true,"showParticleSystems":true},"in2DMode":false,"pivot":{"x":-5.600589752197266,"y":7.668530464172363,"z":-39.02827453613281},"rotation":{"x":-0.004809906706213951,"y":0.9586620330810547,"z":-0.2843136787414551,"w":-0.015797900035977365},"size":51.32323455810547,"orthographic":false}