{"cameraMode":{"drawMode":0,"name":"Shaded","section":"Shading Mode"},"sceneLighting":false,"audioPlay":false,"sceneViewState":{"showFog":true,"showMaterialUpdate":false,"showSkybox":false,"showFlares":true,"showImageEffects":true,"showParticleSystems":true},"in2DMode":false,"pivot":{"x":11.279999732971192,"y":4.0,"z":11.720000267028809},"rotation":{"x":-0.00947918463498354,"y":0.9735816717147827,"z":-0.2246842384338379,"w":-0.04091804102063179},"size":4.062019348144531,"orthographic":false}