{"cameraMode":{"drawMode":0,"name":"Shaded","section":"Shading Mode"},"sceneLighting":false,"audioPlay":false,"sceneViewState":{"showFog":true,"showMaterialUpdate":false,"showSkybox":false,"showFlares":true,"showImageEffects":true,"showParticleSystems":true},"in2DMode":false,"pivot":{"x":0.004912925884127617,"y":-0.016925111413002015,"z":0.11892959475517273},"rotation":{"x":0.15597113966941834,"y":0.6978626251220703,"z":-0.15995098650455476,"w":0.6804983019828796},"size":0.2575027346611023,"orthographic":false}