{"cameraMode":{"drawMode":0,"name":"Shaded","section":"Shading Mode"},"sceneLighting":false,"audioPlay":false,"sceneViewState":{"showFog":true,"showMaterialUpdate":false,"showSkybox":false,"showFlares":true,"showImageEffects":true,"showParticleSystems":true},"in2DMode":false,"pivot":{"x":1.2462650537490845,"y":7.708531856536865,"z":-15.0606050491333},"rotation":{"x":-0.10314077883958817,"y":0.8190935850143433,"z":-0.1556476205587387,"w":-0.5425220727920532},"size":8.448684692382813,"orthographic":false}