{"cameraMode":{"drawMode":0,"name":"Shaded","section":"Shading Mode"},"sceneLighting":false,"audioPlay":false,"sceneViewState":{"showFog":true,"showMaterialUpdate":false,"showSkybox":false,"showFlares":true,"showImageEffects":true,"showParticleSystems":true},"in2DMode":false,"pivot":{"x":0.0,"y":0.0032744407653808595,"z":0.03896336257457733},"rotation":{"x":0.09884940832853317,"y":0.8782362937927246,"z":-0.20684687793254853,"w":0.4196973741054535},"size":0.5791596174240112,"orthographic":false}