{"cameraMode":{"drawMode":0,"name":"Shaded","section":"Shading Mode"},"sceneLighting":false,"audioPlay":false,"sceneViewState":{"showFog":true,"showMaterialUpdate":false,"showSkybox":false,"showFlares":true,"showImageEffects":true,"showParticleSystems":true},"in2DMode":false,"pivot":{"x":-0.24370543658733369,"y":-0.20209547877311707,"z":0.0851859450340271},"rotation":{"x":-0.02027750015258789,"y":-0.9683638215065002,"z":0.2342163324356079,"w":-0.08387082070112229},"size":0.6607482433319092,"orthographic":false}