{"cameraMode":{"drawMode":0,"name":"Shaded","section":"Shading Mode"},"sceneLighting":false,"audioPlay":false,"sceneViewState":{"showFog":true,"showMaterialUpdate":false,"showSkybox":false,"showFlares":true,"showImageEffects":true,"showParticleSystems":true},"in2DMode":false,"pivot":{"x":-0.0000010319054126739503,"y":-0.0004723072052001953,"z":0.07808595895767212},"rotation":{"x":0.09328905493021012,"y":0.8847446441650391,"z":-0.20138831436634065,"w":0.40983983874320986},"size":0.8034622073173523,"orthographic":false}