{"cameraMode":{"drawMode":0,"name":"Shaded","section":"Shading Mode"},"sceneLighting":false,"audioPlay":false,"sceneViewState":{"showFog":true,"showMaterialUpdate":false,"showSkybox":false,"showFlares":true,"showImageEffects":true,"showParticleSystems":true},"in2DMode":false,"pivot":{"x":0.12746742367744447,"y":0.09555178880691529,"z":0.05220365524291992},"rotation":{"x":0.08641744405031204,"y":-0.8974378705024719,"z":0.2028522938489914,"w":0.3821834623813629},"size":0.3441469371318817,"orthographic":false}