{"cameraMode":{"drawMode":0,"name":"Shaded","section":"Shading Mode"},"sceneLighting":true,"audioPlay":false,"sceneViewState":{"showFog":true,"showMaterialUpdate":false,"showSkybox":true,"showFlares":true,"showImageEffects":true,"showParticleSystems":true},"in2DMode":false,"pivot":{"x":1.3387775421142579,"y":4.726408004760742,"z":18.548316955566408},"rotation":{"x":-0.04667051136493683,"y":-0.9523177146911621,"z":0.2095329761505127,"w":-0.21760423481464387},"size":144.25633239746095,"orthographic":false}