{"cameraMode":{"drawMode":0,"name":"Shaded","section":"Shading Mode"},"sceneLighting":false,"audioPlay":false,"sceneViewState":{"showFog":true,"showMaterialUpdate":false,"showSkybox":false,"showFlares":true,"showImageEffects":true,"showParticleSystems":true},"in2DMode":false,"pivot":{"x":-1.7695128917694093e-8,"y":-0.000030063092708587646,"z":0.15715675055980683},"rotation":{"x":0.15597113966941834,"y":0.6978626251220703,"z":-0.15995098650455476,"w":0.6804983019828796},"size":0.25023412704467776,"orthographic":false}