{"cameraMode":{"drawMode":0,"name":"Shaded","section":"Shading Mode"},"sceneLighting":false,"audioPlay":false,"sceneViewState":{"showFog":true,"showMaterialUpdate":false,"showSkybox":false,"showFlares":true,"showImageEffects":true,"showParticleSystems":true},"in2DMode":false,"pivot":{"x":0.00015041977167129517,"y":0.17583370208740235,"z":0.17587155103683473},"rotation":{"x":0.09328905493021012,"y":0.8847446441650391,"z":-0.20138831436634065,"w":0.40983983874320986},"size":1.348180890083313,"orthographic":false}