{"cameraMode":{"drawMode":0,"name":"Shaded","section":"Shading Mode"},"sceneLighting":false,"audioPlay":false,"sceneViewState":{"showFog":true,"showMaterialUpdate":false,"showSkybox":false,"showFlares":true,"showImageEffects":true,"showParticleSystems":true},"in2DMode":false,"pivot":{"x":0.11968164145946503,"y":0.08242738246917725,"z":0.027162551879882814},"rotation":{"x":0.023868579417467119,"y":0.9735413193702698,"z":-0.19259727001190186,"w":0.12065065652132034},"size":0.6632673740386963,"orthographic":false}