{"cameraMode":{"drawMode":0,"name":"Shaded","section":"Shading Mode"},"sceneLighting":true,"audioPlay":false,"sceneViewState":{"showFog":true,"showMaterialUpdate":false,"showSkybox":true,"showFlares":true,"showImageEffects":true,"showParticleSystems":true},"in2DMode":false,"pivot":{"x":-35.57704544067383,"y":-81.22700500488281,"z":141.31756591796876},"rotation":{"x":-0.00950985960662365,"y":0.9484472274780273,"z":-0.31568536162376406,"w":-0.028462326154112817},"size":88.14244079589844,"orthographic":false}