{"cameraMode":{"drawMode":0,"name":"Shaded","section":"Shading Mode"},"sceneLighting":false,"audioPlay":false,"sceneViewState":{"showFog":true,"showMaterialUpdate":false,"showSkybox":false,"showFlares":true,"showImageEffects":true,"showParticleSystems":true},"in2DMode":false,"pivot":{"x":0.15946197509765626,"y":-0.23705366253852845,"z":-0.012752071022987366},"rotation":{"x":-0.1995358169078827,"y":-0.7547414898872376,"z":0.2664002776145935,"w":-0.5653436779975891},"size":0.5771054029464722,"orthographic":false}