{"cameraMode":{"drawMode":0,"name":"Shaded","section":"Shading Mode"},"sceneLighting":false,"audioPlay":false,"sceneViewState":{"showFog":true,"showMaterialUpdate":false,"showSkybox":false,"showFlares":true,"showImageEffects":true,"showParticleSystems":true},"in2DMode":false,"pivot":{"x":-0.04061102122068405,"y":-0.032054603099823,"z":0.04269501566886902},"rotation":{"x":-0.02027750015258789,"y":-0.9683638215065002,"z":0.2342163324356079,"w":-0.08387082070112229},"size":0.2835010886192322,"orthographic":false}