{"cameraMode":{"drawMode":0,"name":"Shaded","section":"Shading Mode"},"sceneLighting":false,"audioPlay":false,"sceneViewState":{"showFog":true,"showMaterialUpdate":false,"showSkybox":false,"showFlares":true,"showImageEffects":true,"showParticleSystems":true},"in2DMode":false,"pivot":{"x":0.3083573281764984,"y":-0.1152743548154831,"z":0.2259259968996048},"rotation":{"x":0.12703974545001985,"y":0.7493466138839722,"z":-0.15058177709579469,"w":0.6321924924850464},"size":0.3884527385234833,"orthographic":false}