{"cameraMode":{"drawMode":0,"name":"Shaded","section":"Shading Mode"},"sceneLighting":true,"audioPlay":false,"sceneViewState":{"showFog":true,"showMaterialUpdate":false,"showSkybox":true,"showFlares":true,"showImageEffects":true,"showParticleSystems":true},"in2DMode":false,"pivot":{"x":12.265302658081055,"y":19.522645950317384,"z":29.499481201171876},"rotation":{"x":0.01424246933311224,"y":-0.9731024503707886,"z":0.22299209237098695,"w":0.058874789625406268},"size":7.420156955718994,"orthographic":false}