{"cameraMode":{"drawMode":0,"name":"Shaded","section":"Shading Mode"},"sceneLighting":false,"audioPlay":false,"sceneViewState":{"showFog":true,"showMaterialUpdate":false,"showSkybox":false,"showFlares":true,"showImageEffects":true,"showParticleSystems":true},"in2DMode":false,"pivot":{"x":0.0,"y":-0.0030365660786628725,"z":0.35087302327156069},"rotation":{"x":-0.12975609302520753,"y":-0.7562950849533081,"z":0.15788671374320985,"w":-0.6215241551399231},"size":0.46816566586494448,"orthographic":false}