{"cameraMode":{"drawMode":0,"name":"Shaded","section":"Shading Mode"},"sceneLighting":true,"audioPlay":false,"sceneViewState":{"showFog":true,"showMaterialUpdate":false,"showSkybox":true,"showFlares":true,"showImageEffects":true,"showParticleSystems":true},"in2DMode":false,"pivot":{"x":-4.886630058288574,"y":20.412464141845704,"z":38.69253921508789},"rotation":{"x":0.04766496643424034,"y":0.9002963304519653,"z":-0.42042312026023867,"w":0.10364498943090439},"size":3.6697988510131838,"orthographic":false}