{"cameraMode":{"drawMode":0,"name":"Shaded","section":"Shading Mode"},"sceneLighting":false,"audioPlay":false,"sceneViewState":{"showFog":true,"showMaterialUpdate":false,"showSkybox":false,"showFlares":true,"showImageEffects":true,"showParticleSystems":true},"in2DMode":false,"pivot":{"x":0.0,"y":-9.685754776000977e-8,"z":0.1000942587852478},"rotation":{"x":0.12703974545001985,"y":0.7493466138839722,"z":-0.15058177709579469,"w":0.6321924924850464},"size":0.8118805289268494,"orthographic":false}