{"cameraMode":{"drawMode":0,"name":"Shaded","section":"Shading Mode"},"sceneLighting":false,"audioPlay":false,"sceneViewState":{"showFog":true,"showMaterialUpdate":false,"showSkybox":false,"showFlares":true,"showImageEffects":true,"showParticleSystems":true},"in2DMode":false,"pivot":{"x":-61.908878326416019,"y":1.9385085105895997,"z":-16.816204071044923},"rotation":{"x":-0.019831234589219095,"y":0.9700790047645569,"z":-0.22694168984889985,"w":-0.08461388945579529},"size":5.750643253326416,"orthographic":false}