{"cameraMode":{"drawMode":0,"name":"Shaded","section":"Shading Mode"},"sceneLighting":true,"audioPlay":false,"sceneViewState":{"showFog":true,"showMaterialUpdate":false,"showSkybox":true,"showFlares":true,"showImageEffects":true,"showParticleSystems":true},"in2DMode":false,"pivot":{"x":-179.60665893554688,"y":-57.088134765625,"z":40.932891845703128},"rotation":{"x":0.00817932654172182,"y":0.8544504046440125,"z":-0.5195533633232117,"w":0.014701072126626969},"size":395.46966552734377,"orthographic":false}