{"cameraMode":{"drawMode":0,"name":"Shaded","section":"Shading Mode"},"sceneLighting":false,"audioPlay":false,"sceneViewState":{"showFog":true,"showMaterialUpdate":false,"showSkybox":false,"showFlares":true,"showImageEffects":true,"showParticleSystems":true},"in2DMode":false,"pivot":{"x":-0.03476450592279434,"y":0.012364447116851807,"z":0.03928482532501221},"rotation":{"x":0.0010604029521346093,"y":0.993432879447937,"z":-0.11405627429485321,"w":0.009240040555596352},"size":0.6629363894462586,"orthographic":false}