{"cameraMode":{"drawMode":0,"name":"Shaded","section":"Shading Mode"},"sceneLighting":false,"audioPlay":false,"sceneViewState":{"showFog":true,"showMaterialUpdate":false,"showSkybox":false,"showFlares":true,"showImageEffects":true,"showParticleSystems":true},"in2DMode":false,"pivot":{"x":21.195436477661134,"y":4.383111953735352,"z":-12.834386825561524},"rotation":{"x":-0.10314077883958817,"y":0.8190935850143433,"z":-0.1556476205587387,"w":-0.5425220727920532},"size":5.515530586242676,"orthographic":false}