{"cameraMode":{"drawMode":0,"name":"Shaded","section":"Shading Mode"},"sceneLighting":false,"audioPlay":false,"sceneViewState":{"showFog":true,"showMaterialUpdate":false,"showSkybox":false,"showFlares":true,"showImageEffects":true,"showParticleSystems":true},"in2DMode":false,"pivot":{"x":0.7301572561264038,"y":-0.389936625957489,"z":0.3656696677207947},"rotation":{"x":0.09884940832853317,"y":0.8782362937927246,"z":-0.20684687793254853,"w":0.4196973741054535},"size":1.9119184017181397,"orthographic":false}