{"cameraMode":{"drawMode":0,"name":"Shaded","section":"Shading Mode"},"sceneLighting":false,"audioPlay":false,"sceneViewState":{"showFog":true,"showMaterialUpdate":false,"showSkybox":false,"showFlares":true,"showImageEffects":true,"showParticleSystems":true},"in2DMode":false,"pivot":{"x":0.000016808509826660156,"y":1.3551952838897706,"z":-0.04549610614776611},"rotation":{"x":-0.008388555608689785,"y":-0.9861692190170288,"z":0.15693224966526032,"w":-0.05270512402057648},"size":0.7117589116096497,"orthographic":false}