{"cameraMode":{"drawMode":0,"name":"Shaded","section":"Shading Mode"},"sceneLighting":false,"audioPlay":false,"sceneViewState":{"showFog":true,"showMaterialUpdate":false,"showSkybox":false,"showFlares":true,"showImageEffects":true,"showParticleSystems":true},"in2DMode":false,"pivot":{"x":-9.313225746154785e-9,"y":-0.0007132291793823242,"z":0.30223044753074648},"rotation":{"x":0.09884940832853317,"y":0.8782362937927246,"z":-0.20684687793254853,"w":0.4196973741054535},"size":0.41610100865364077,"orthographic":false}