{"cameraMode":{"drawMode":0,"name":"Shaded","section":"Shading Mode"},"sceneLighting":false,"audioPlay":false,"sceneViewState":{"showFog":true,"showMaterialUpdate":false,"showSkybox":false,"showFlares":true,"showImageEffects":true,"showParticleSystems":true},"in2DMode":false,"pivot":{"x":1.9191102981567383,"y":0.6973068714141846,"z":0.16330575942993165},"rotation":{"x":0.09328905493021012,"y":0.8847446441650391,"z":-0.20138831436634065,"w":0.40983983874320986},"size":8.554479598999024,"orthographic":false}