{"cameraMode":{"drawMode":0,"name":"Shaded","section":"Shading Mode"},"sceneLighting":false,"audioPlay":false,"sceneViewState":{"showFog":true,"showMaterialUpdate":false,"showSkybox":false,"showFlares":true,"showImageEffects":true,"showParticleSystems":true},"in2DMode":false,"pivot":{"x":0.00471988320350647,"y":-0.002570629119873047,"z":0.026577681303024293},"rotation":{"x":0.037728600203990939,"y":0.9612595438957214,"z":-0.21425969898700715,"w":0.16926605999469758},"size":0.5995258688926697,"orthographic":false}