{"cameraMode":{"drawMode":0,"name":"Shaded","section":"Shading Mode"},"sceneLighting":false,"audioPlay":false,"sceneViewState":{"showFog":true,"showMaterialUpdate":false,"showSkybox":false,"showFlares":true,"showImageEffects":true,"showParticleSystems":true},"in2DMode":false,"pivot":{"x":172.9571533203125,"y":4.305116653442383,"z":-255.83810424804688},"rotation":{"x":-0.00947918463498354,"y":0.9735816717147827,"z":-0.2246842384338379,"w":-0.04091804102063179},"size":5.412603855133057,"orthographic":false}