{"cameraMode":{"drawMode":0,"name":"Shaded","section":"Shading Mode"},"sceneLighting":false,"audioPlay":false,"sceneViewState":{"showFog":true,"showMaterialUpdate":false,"showSkybox":false,"showFlares":true,"showImageEffects":true,"showParticleSystems":true},"in2DMode":false,"pivot":{"x":-0.004308480769395828,"y":-0.01459489669650793,"z":0.34186461567878725},"rotation":{"x":0.15597113966941834,"y":0.6978626251220703,"z":-0.15995098650455476,"w":0.6804983019828796},"size":0.4580463171005249,"orthographic":false}