{"cameraMode":{"drawMode":0,"name":"Shaded","section":"Shading Mode"},"sceneLighting":false,"audioPlay":false,"sceneViewState":{"showFog":true,"showMaterialUpdate":false,"showSkybox":false,"showFlares":true,"showImageEffects":true,"showParticleSystems":true},"in2DMode":false,"pivot":{"x":-0.000004649162292480469,"y":-0.0009403228759765625,"z":0.041211191564798358},"rotation":{"x":0.09884940832853317,"y":0.8782362937927246,"z":-0.20684687793254853,"w":0.4196973741054535},"size":0.5877940654754639,"orthographic":false}