{"cameraMode":{"drawMode":0,"name":"Shaded","section":"Shading Mode"},"sceneLighting":true,"audioPlay":false,"sceneViewState":{"showFog":true,"showMaterialUpdate":false,"showSkybox":true,"showFlares":true,"showImageEffects":true,"showParticleSystems":true},"in2DMode":false,"pivot":{"x":3.6872782707214357,"y":11.538354873657227,"z":3.3676319122314455},"rotation":{"x":0.0017082958947867156,"y":0.9543983936309815,"z":-0.2986977994441986,"w":0.00573892705142498},"size":44.94440841674805,"orthographic":false}