{"cameraMode":{"drawMode":0,"name":"Shaded","section":"Shading Mode"},"sceneLighting":false,"audioPlay":false,"sceneViewState":{"showFog":true,"showMaterialUpdate":false,"showSkybox":false,"showFlares":true,"showImageEffects":true,"showParticleSystems":true},"in2DMode":false,"pivot":{"x":-22.42204475402832,"y":3.828030586242676,"z":-15.878900527954102},"rotation":{"x":-0.00947918463498354,"y":0.9735816717147827,"z":-0.2246842384338379,"w":-0.04091804102063179},"size":5.412597179412842,"orthographic":false}