{"cameraMode":{"drawMode":0,"name":"Shaded","section":"Shading Mode"},"sceneLighting":false,"audioPlay":false,"sceneViewState":{"showFog":true,"showMaterialUpdate":false,"showSkybox":false,"showFlares":true,"showImageEffects":true,"showParticleSystems":true},"in2DMode":false,"pivot":{"x":0.0035207271575927736,"y":-0.010026544332504273,"z":0.37320512533187868},"rotation":{"x":0.15597113966941834,"y":0.6978626251220703,"z":-0.15995098650455476,"w":0.6804983019828796},"size":0.9905167818069458,"orthographic":false}