{"cameraMode":{"drawMode":0,"name":"Shaded","section":"Shading Mode"},"sceneLighting":false,"audioPlay":false,"sceneViewState":{"showFog":true,"showMaterialUpdate":false,"showSkybox":false,"showFlares":true,"showImageEffects":true,"showParticleSystems":true},"in2DMode":false,"pivot":{"x":-0.4640394449234009,"y":-0.06817007064819336,"z":-0.34405672550201418},"rotation":{"x":-0.013348972424864769,"y":0.9828051924705505,"z":-0.16699396073818208,"w":-0.07830271124839783},"size":1.0299289226531983,"orthographic":false}