{"cameraMode":{"drawMode":0,"name":"Shaded","section":"Shading Mode"},"sceneLighting":false,"audioPlay":false,"sceneViewState":{"showFog":true,"showMaterialUpdate":false,"showSkybox":false,"showFlares":true,"showImageEffects":true,"showParticleSystems":true},"in2DMode":false,"pivot":{"x":19.676977157592775,"y":5.854609489440918,"z":-12.519353866577149},"rotation":{"x":-0.09796682000160217,"y":0.8622899055480957,"z":-0.18270045518875123,"w":-0.46215665340423586},"size":4.412707328796387,"orthographic":false}