{"cameraMode":{"drawMode":0,"name":"Shaded","section":"Shading Mode"},"sceneLighting":false,"audioPlay":false,"sceneViewState":{"showFog":true,"showMaterialUpdate":false,"showSkybox":false,"showFlares":true,"showImageEffects":true,"showParticleSystems":true},"in2DMode":false,"pivot":{"x":0.0,"y":0.16287140548229218,"z":-0.02815784513950348},"rotation":{"x":0.12902526557445527,"y":-0.8318719863891602,"z":0.21711041033267976,"w":0.49424779415130618},"size":0.23900792002677918,"orthographic":false}