{"cameraMode":{"drawMode":0,"name":"Shaded","section":"Shading Mode"},"sceneLighting":false,"audioPlay":false,"sceneViewState":{"showFog":true,"showMaterialUpdate":false,"showSkybox":false,"showFlares":true,"showImageEffects":true,"showParticleSystems":true},"in2DMode":false,"pivot":{"x":-0.24708718061447144,"y":0.0026994794607162477,"z":-0.08286774158477783},"rotation":{"x":-0.00908090639859438,"y":0.9486233592033386,"z":-0.027336949482560159,"w":-0.3150997757911682},"size":0.6275309920310974,"orthographic":false}