{"cameraMode":{"drawMode":0,"name":"Shaded","section":"Shading Mode"},"sceneLighting":false,"audioPlay":false,"sceneViewState":{"showFog":true,"showMaterialUpdate":false,"showSkybox":false,"showFlares":true,"showImageEffects":true,"showParticleSystems":true},"in2DMode":false,"pivot":{"x":-0.040236830711364749,"y":-0.11941014230251312,"z":0.09924960136413574},"rotation":{"x":-0.07378794997930527,"y":-0.9142380356788635,"z":0.19372369349002839,"w":-0.3481910824775696},"size":0.3925447165966034,"orthographic":false}