{"cameraMode":{"drawMode":0,"name":"Shaded","section":"Shading Mode"},"sceneLighting":false,"audioPlay":false,"sceneViewState":{"showFog":true,"showMaterialUpdate":false,"showSkybox":false,"showFlares":true,"showImageEffects":true,"showParticleSystems":true},"in2DMode":false,"pivot":{"x":0.06519484519958496,"y":0.12172907590866089,"z":-0.0008186101913452148},"rotation":{"x":-0.12975609302520753,"y":-0.7562950849533081,"z":0.15788671374320985,"w":-0.6215241551399231},"size":0.9650225043296814,"orthographic":false}