{"cameraMode":{"drawMode":0,"name":"Shaded","section":"Shading Mode"},"sceneLighting":false,"audioPlay":false,"sceneViewState":{"showFog":true,"showMaterialUpdate":false,"showSkybox":false,"showFlares":true,"showImageEffects":true,"showParticleSystems":true},"in2DMode":false,"pivot":{"x":0.24083304405212403,"y":0.49944114685058596,"z":-0.06105232238769531},"rotation":{"x":0.09328905493021012,"y":0.8847446441650391,"z":-0.20138831436634065,"w":0.40983983874320986},"size":4.0063252449035648,"orthographic":false}