{"cameraMode":{"drawMode":0,"name":"Shaded","section":"Shading Mode"},"sceneLighting":false,"audioPlay":false,"sceneViewState":{"showFog":true,"showMaterialUpdate":false,"showSkybox":false,"showFlares":true,"showImageEffects":true,"showParticleSystems":true},"in2DMode":false,"pivot":{"x":-0.057632625102996829,"y":0.0,"z":0.031888216733932498},"rotation":{"x":0.03483618050813675,"y":0.9645693898200989,"z":-0.2013690024614334,"w":0.16686701774597169},"size":0.3887559473514557,"orthographic":false}