{"cameraMode":{"drawMode":0,"name":"Shaded","section":"Shading Mode"},"sceneLighting":true,"audioPlay":false,"sceneViewState":{"showFog":true,"showMaterialUpdate":false,"showSkybox":true,"showFlares":true,"showImageEffects":true,"showParticleSystems":true},"in2DMode":false,"pivot":{"x":21.820785522460939,"y":-49.8079833984375,"z":-112.09207153320313},"rotation":{"x":-0.03841492906212807,"y":0.9391294121742249,"z":-0.3235287070274353,"w":-0.11026468127965927},"size":145.12188720703126,"orthographic":false}